scenario_id,split,horizon_hours,scenario_seed,root_depth_mm,field_capacity,wilting_point,saturation_margin_above_fc,initial_available_water_fraction,irrigation_efficiency,drainage_coefficient,et_stress_fraction_between_wp_fc,et_multiplier,forecast_bias_fraction,forecast_noise_std_fraction,process_noise_std,sensor_noise_std,et_profile,saturation,initial_theta,et_stress_start
V3D0001,development,336,72019001,282.60170968,0.30243017,0.11733689,0.10566321,0.82973826,0.86854071,11.74977416,0.45763476,1.18696024,0.18194487,0.02037057,0.00014861,0.00064077,typical,0.40809339,0.27091587,0.20204201
V3D0002,development,336,72019002,300.31912915,0.30561748,0.10607682,0.12039762,0.31920454,0.85192900,27.66903034,0.45617956,1.07905623,0.07848267,0.07687438,0.00023584,0.00108170,typical,0.42601510,0.16977110,0.19710319
V3D0003,development,336,72019003,302.13184468,0.27839102,0.14368930,0.12149331,0.46215178,0.73707501,20.53861030,0.46945650,1.05018075,0.12515855,0.13403143,0.00006137,0.00070050,typical,0.39988433,0.20594194,0.20692590
V3D0004,development,336,72019004,304.66197096,0.27200411,0.11660266,0.08490661,0.73184557,0.75695518,20.24992382,0.36582563,1.21509346,-0.07182070,0.10345393,0.00005829,0.00103900,variable_cloud,0.35691072,0.23033252,0.17345249
V3D0005,development,336,72019005,347.79399365,0.29820120,0.11964849,0.11075506,0.51366372,0.76954797,18.33543505,0.39253245,0.89047751,-0.01700819,0.03283821,0.00029449,0.00115532,hot_spell,0.40895626,0.21136454,0.18973622
V3D0006,development,336,72019006,358.18636922,0.29110473,0.13527417,0.09287198,0.49032816,0.90294705,16.24473019,0.36127293,1.25527523,-0.11342399,0.05512060,0.00015136,0.00106095,typical,0.38397671,0.21168229,0.19157154
V3D0007,development,336,72019007,355.84613597,0.26355750,0.11920489,0.09027574,0.50938032,0.73142434,20.89838397,0.54309057,1.32202051,-0.04669520,0.10741050,0.00015892,0.00062202,variable_cloud,0.35383324,0.19273527,0.19760143
V3D0008,development,336,72019008,271.42295337,0.26272158,0.14549400,0.09946756,0.39600067,0.77971545,11.93685630,0.52497784,0.95015577,0.05167792,0.05316574,0.00007690,0.00033701,typical,0.36218914,0.19191620,0.20703588
V3D0009,development,336,72019009,320.60154323,0.27938271,0.12473419,0.12174995,0.31567484,0.86051326,10.92669661,0.56851515,0.85911961,0.13781544,0.06923293,0.00024803,0.00091663,variable_cloud,0.40113266,0.17355284,0.21265421
V3D0010,development,336,72019010,252.64179791,0.30816721,0.11838747,0.10518547,0.81367746,0.80208859,18.98198543,0.54134111,1.31204526,0.03321489,0.09704066,0.00024563,0.00051435,variable_cloud,0.41335268,0.27280697,0.22112304
V3D0011,development,336,72019011,264.21927998,0.26048560,0.13350784,0.08358657,0.37563787,0.82651147,10.65512095,0.54584809,0.79649738,0.10706280,0.14389572,0.00026643,0.00059654,hot_spell,0.34407217,0.18120550,0.20281841
V3D0012,development,336,72019012,289.73577461,0.26420920,0.14052551,0.08572236,0.67944030,0.76278063,23.06633801,0.40794230,0.85400326,0.15990363,0.06195656,0.00008891,0.00118733,hot_spell,0.34993157,0.22456120,0.19098132
V3D0013,development,336,72019013,313.54499941,0.28641050,0.14732391,0.10167190,0.44412917,0.77739617,21.52333506,0.49562730,1.22734662,-0.11214895,0.09346276,0.00023812,0.00092214,variable_cloud,0.38808239,0.20909632,0.21625902
V3D0014,development,336,72019014,269.86859528,0.28445716,0.14445185,0.08797314,0.47438980,0.74709786,19.26486779,0.37885741,1.19143345,0.00721897,0.05092210,0.00016956,0.00055057,hot_spell,0.37243030,0.21086894,0.19749390
V3D0015,development,336,72019015,248.31434225,0.25484120,0.13900839,0.10739175,0.38450248,0.83069266,16.65653173,0.42363592,1.04667499,0.04624931,0.12621368,0.00014175,0.00116250,variable_cloud,0.36223295,0.18354640,0.18807933
V3D0016,development,336,72019016,260.96345996,0.25020825,0.11697860,0.10046726,0.80073956,0.91397358,24.44645145,0.38212321,0.96302582,-0.18439388,0.14628476,0.00009463,0.00083181,typical,0.35067550,0.22366085,0.16788874
V3D0017,development,336,72019017,271.19265067,0.27177301,0.11021103,0.08420436,0.53201165,0.85798831,18.02138278,0.38688765,0.75065177,0.05473207,0.00050026,0.00028560,0.00111695,variable_cloud,0.35597737,0.19616389,0.17271736
V3D0018,development,336,72019018,347.40237927,0.27017350,0.12775574,0.10289706,0.44283564,0.79725392,24.37169488,0.49602000,0.97006207,0.01459113,0.13935682,0.00028049,0.00043690,variable_cloud,0.37307056,0.19082340,0.19839779
V3D0019,development,336,72019019,278.58334077,0.25774133,0.12185434,0.12496075,0.68427042,0.75422928,27.91511188,0.59766285,0.99702623,-0.16454447,0.01835328,0.00025493,0.00098559,hot_spell,0.38270208,0.21483779,0.20306894
V3D0020,development,336,72019020,308.35735756,0.28007874,0.14613104,0.08271112,0.40448686,0.82956752,25.52129799,0.43457508,1.07157226,-0.14907518,0.14695688,0.00022727,0.00079047,typical,0.36278986,0.20031113,0.20434137
V3D0021,development,336,72019021,322.17134668,0.25651925,0.13695750,0.09845846,0.48192094,0.93563330,19.06815484,0.51104368,1.29101532,-0.02698165,0.09873790,0.00026403,0.00063466,hot_spell,0.35497771,0.19457681,0.19805878
V3D0022,development,336,72019022,314.37921482,0.27276364,0.10894932,0.11296315,0.62903829,0.84070525,22.51186774,0.56290612,1.28547208,-0.17236241,0.00861458,0.00013799,0.00058460,variable_cloud,0.38572678,0.21199480,0.20116140
V3D0023,development,336,72019023,332.75272585,0.27097381,0.10656880,0.10618780,0.61767649,0.94591469,15.43669599,0.51394554,1.14460534,-0.05934240,0.07853838,0.00020957,0.00082224,variable_cloud,0.37716161,0.20811791,0.19106402
V3D0024,development,336,72019024,339.36872433,0.28139702,0.10705902,0.08860624,0.84233258,0.87624190,17.54221106,0.58213747,1.11694288,-0.13238146,0.05671069,0.00023153,0.00064940,variable_cloud,0.37000326,0.25390960,0.20854770
V3D0025,development,336,72019025,275.54311059,0.26752332,0.12134268,0.11129941,0.80492250,0.78017724,26.00798517,0.43191883,0.93262405,-0.04422804,0.04558305,0.00010835,0.00117297,variable_cloud,0.37882273,0.23900677,0.18448085
V3D0026,development,336,72019026,294.75225133,0.26233415,0.12921194,0.09224278,0.82473770,0.83698673,13.07137477,0.41973079,1.33020774,-0.00240696,0.07399074,0.00018896,0.00061647,typical,0.35457692,0.23900284,0.18508743
V3D0027,development,336,72019027,256.89561881,0.25596690,0.10771269,0.11809236,0.33082795,0.92420007,13.90405454,0.57619568,1.34182800,-0.06964081,0.01049489,0.00027837,0.00073490,hot_spell,0.37405925,0.15675933,0.19313612
V3D0028,development,336,72019028,297.70752324,0.26981723,0.10512952,0.12731302,0.43115179,0.72330982,27.04700515,0.57932969,0.76463119,-0.15640365,0.08984949,0.00017560,0.00078355,hot_spell,0.39713025,0.17613492,0.20053800
V3D0029,development,336,72019029,309.39501535,0.29457550,0.13418258,0.09776931,0.83382685,0.91528845,20.37807754,0.57146636,0.78378553,0.13181978,0.06020526,0.00023445,0.00074456,hot_spell,0.39234482,0.26792251,0.22584174
V3D0030,development,336,72019030,335.38936685,0.25736980,0.11494897,0.08075500,0.49782904,0.75037185,14.22933290,0.35942103,1.20173536,0.19257966,0.01362947,0.00008444,0.00100988,hot_spell,0.33812481,0.18585020,0.16613801
V3D0031,development,336,72019031,351.62604485,0.28955536,0.13138169,0.11568860,0.82024744,0.73979660,19.50960451,0.46498060,0.88255979,-0.02368386,0.03932223,0.00007187,0.00053145,variable_cloud,0.40524396,0.26112324,0.20492938
V3D0032,development,336,72019032,251.54204152,0.30288343,0.12049158,0.11747272,0.34907234,0.73423509,26.81497360,0.47166226,0.84432535,-0.12852928,0.01634580,0.00009199,0.00099600,typical,0.42035616,0.18415953,0.20651894
V3D0033,development,336,72019033,280.56375111,0.25916450,0.12422180,0.09889377,0.57173784,0.75855792,27.32702499,0.58657235,0.78010554,0.08915647,0.02543387,0.00006582,0.00070507,typical,0.35805827,0.20137365,0.20337546
V3D0034,development,336,72019034,324.36646370,0.29929881,0.13037673,0.09388812,0.59707729,0.81846573,20.04638035,0.57680468,1.00888187,-0.09363203,0.03456762,0.00014461,0.00084627,typical,0.39318693,0.23123627,0.22781178
V3D0035,development,336,72019035,333.76808225,0.29731953,0.11610275,0.12339475,0.32400509,0.87904219,11.01000434,0.48185770,0.93890676,0.13529342,0.10840669,0.00026003,0.00066909,typical,0.42071427,0.17481791,0.20342345
V3D0036,development,336,72019036,326.57388826,0.27619538,0.12857962,0.10816047,0.66347997,0.78650262,12.51868317,0.53980945,1.08777719,-0.01041940,0.13903848,0.00016521,0.00094314,typical,0.38435584,0.22651972,0.20826400
V3D0037,development,336,72019037,315.81826296,0.25511484,0.10276367,0.10950068,0.38603384,0.84262176,26.19468780,0.53141346,0.91751169,-0.12461994,0.02400986,0.00017952,0.00057758,typical,0.36461552,0.16157638,0.18372513
V3D0038,development,336,72019038,328.61667870,0.26614946,0.13586529,0.09517202,0.37366014,0.89291281,18.45950683,0.44526392,0.77411572,0.07333388,0.05235103,0.00021754,0.00119763,hot_spell,0.36132148,0.18454729,0.19387613
V3D0039,development,336,72019039,268.58993948,0.30372142,0.14392292,0.10375226,0.56591216,0.80512447,17.06113083,0.44324282,0.81387548,-0.07738602,0.02272198,0.00019483,0.00042369,hot_spell,0.40747368,0.23435484,0.21475246
V3D0040,development,336,72019040,249.15849488,0.30719321,0.11539321,0.09071132,0.43459824,0.89231873,24.70265330,0.48904140,0.87110683,0.06105825,0.01213196,0.00019677,0.00040133,typical,0.39790453,0.19874915,0.20919135
V3D0041,development,336,72019041,350.69105455,0.29221354,0.11063428,0.12218998,0.48902002,0.74586250,18.21640698,0.59667801,1.02970269,-0.13350104,0.08847619,0.00024041,0.00090881,hot_spell,0.41440352,0.19943018,0.21897863
V3D0042,development,336,72019042,352.80482528,0.28502061,0.10432563,0.12388821,0.30867142,0.87249543,13.68310443,0.37269840,0.97793713,-0.17949868,0.09551395,0.00012972,0.00069018,variable_cloud,0.40890882,0.16010101,0.17167036
V3D0043,development,336,72019043,250.92040591,0.27509652,0.10985781,0.11948371,0.46974325,0.91108964,22.88433185,0.42587512,1.26394389,0.04401385,0.09170405,0.00018792,0.00045539,typical,0.39458023,0.18747758,0.18022887
V3D0044,development,336,72019044,291.51169758,0.30685163,0.14235481,0.11967636,0.64902235,0.78827163,24.82286216,0.43683876,1.19549304,0.17798258,0.06739815,0.00015292,0.00047659,hot_spell,0.42652799,0.24911692,0.21421340
V3D0045,development,336,72019045,354.01268149,0.29953389,0.13207607,0.12887997,0.66029812,0.88184003,14.11208949,0.50862572,1.03469234,0.10266134,0.04076197,0.00009986,0.00089386,typical,0.42841386,0.24264816,0.21724943
V3D0046,development,336,72019046,317.11388357,0.28842609,0.14111578,0.12834267,0.77759436,0.94184254,12.11488242,0.39776135,1.34720182,0.08096817,0.02911898,0.00009797,0.00102069,hot_spell,0.41676876,0.25566345,0.19971013
V3D0047,development,336,72019047,244.45193914,0.29336966,0.12293035,0.09475696,0.76861876,0.79309379,22.14777967,0.59204261,1.26926459,0.19827175,0.04698476,0.00005226,0.00030817,typical,0.38812662,0.25393320,0.22383768
V3D0048,development,336,72019048,310.19743952,0.28367465,0.14522344,0.10471541,0.41243337,0.86928076,11.18595488,0.46020868,1.04346792,-0.05528217,0.04953731,0.00028375,0.00072198,typical,0.38839006,0.20232534,0.20893989
V3D0049,development,336,72019049,246.74662087,0.27745639,0.12255412,0.12940579,0.45672501,0.85553773,26.42846676,0.58878558,0.80270920,-0.06564592,0.14239610,0.00013182,0.00053879,typical,0.40686217,0.19330186,0.21375834
V3D0050,development,336,72019050,343.78985283,0.26496649,0.13823675,0.09432062,0.84701858,0.86233835,23.57377036,0.44002737,0.82556760,-0.19108555,0.01549471,0.00013363,0.00109670,variable_cloud,0.35928711,0.24557919,0.19400131
V3D0051,development,336,72019051,256.06847565,0.30033904,0.11167552,0.12988036,0.56192398,0.94039303,23.27401310,0.40293462,0.90717128,0.02786930,0.06655078,0.00007537,0.00107279,variable_cloud,0.43021940,0.21769008,0.18769459
V3D0052,development,336,72019052,242.83231516,0.27810351,0.11363586,0.11254556,0.52291368,0.84814943,20.83273776,0.51833985,1.12069701,-0.14498530,0.05800219,0.00029724,0.00080513,hot_spell,0.39064906,0.19963824,0.19888599
V3D0053,development,336,72019053,318.13742816,0.25149255,0.14142950,0.11031512,0.70383847,0.82168874,17.20082515,0.46391684,1.20811796,0.16726762,0.00618166,0.00013900,0.00066086,typical,0.36180768,0.21889611,0.19248960
V3D0054,development,336,72019054,356.78620999,0.29665776,0.10150754,0.08959841,0.53764155,0.81557128,11.66461813,0.48767628,0.96156266,-0.08303049,0.12432088,0.00011757,0.00075542,typical,0.38625617,0.20642841,0.19667767
V3D0055,development,336,72019055,273.80749704,0.29756138,0.13121087,0.09669207,0.74803794,0.77389167,12.99317253,0.53322314,1.10762072,0.14844764,0.12814368,0.00020481,0.00109847,hot_spell,0.39425346,0.25564736,0.21991281
V3D0056,development,336,72019056,322.83775976,0.25077922,0.12657781,0.10777419,0.62461696,0.93232683,15.03160494,0.36943485,1.05731156,0.14383554,0.08640854,0.00010615,0.00037736,variable_cloud,0.35855341,0.20415611,0.17246214
V3D0057,development,336,72019057,296.12370996,0.26743309,0.13296767,0.11481325,0.60071106,0.80908093,13.50535740,0.45242711,0.90030857,0.04008016,0.13226091,0.00005274,0.00038488,variable_cloud,0.38224634,0.21374254,0.19380347
V3D0058,development,336,72019058,311.87095738,0.25237907,0.10855201,0.08118572,0.52898929,0.88625077,14.48592554,0.47670322,1.17167862,-0.10065575,0.07044214,0.00010415,0.00104628,hot_spell,0.33356479,0.18463499,0.17711483
V3D0059,development,336,72019059,246.19608208,0.26547807,0.13244830,0.11213742,0.42464432,0.72637150,23.83860010,0.35658516,0.76178413,-0.10762296,0.11019542,0.00016070,0.00044729,variable_cloud,0.37761549,0.18893864,0.17988474
V3D0060,development,336,72019060,328.97630753,0.25971091,0.14853610,0.09763218,0.55556136,0.76324778,16.78178483,0.59264907,1.15555367,0.03353656,0.10166776,0.00018434,0.00049637,variable_cloud,0.35734309,0.21030053,0.21442375
V3D0061,development,336,72019061,331.35690485,0.28713946,0.14279779,0.10217612,0.67515270,0.83804679,13.18918129,0.55674676,1.17903930,-0.17647170,0.06307247,0.00017420,0.00052327,typical,0.38931558,0.24025046,0.22315954
V3D0062,development,336,72019062,292.59294645,0.26884729,0.12754309,0.11406689,0.58815410,0.92746595,18.80363704,0.40532993,1.30130248,-0.05326334,0.13528987,0.00027092,0.00103071,hot_spell,0.38291418,0.21065173,0.18481791
V3D0063,development,336,72019063,242.21128377,0.30105338,0.11300588,0.11791878,0.34261930,0.87347168,25.28959036,0.40201267,1.09948352,0.06844786,0.12085771,0.00005659,0.00114020,hot_spell,0.41897216,0.17743458,0.18860336
V3D0064,development,336,72019064,287.40384909,0.25306172,0.11144094,0.11011596,0.75736216,0.89802538,16.01332537,0.43024946,1.14003870,-0.09991156,0.08162936,0.00008229,0.00098143,variable_cloud,0.36317768,0.21869916,0.17237320
V3D0065,development,336,72019065,336.99124773,0.27651520,0.14745287,0.12602055,0.44929787,0.82489431,12.27568717,0.50483750,1.06656003,0.10946993,0.14915815,0.00025790,0.00050474,variable_cloud,0.40253574,0.20544030,0.21260837
V3D0066,development,336,72019066,305.70209183,0.26674721,0.14212206,0.12072147,0.54503039,0.72058837,10.41001792,0.52928724,1.13015023,-0.16940470,0.03712731,0.00022226,0.00071314,variable_cloud,0.38746869,0.21004656,0.20808456
V3D0067,development,336,72019067,342.31530529,0.29258139,0.10411247,0.11659231,0.77081468,0.92147834,10.19222747,0.36476970,1.22075715,0.02451581,0.13701940,0.00022602,0.00040542,hot_spell,0.40917370,0.24938708,0.17286022
V3D0068,development,336,72019068,343.66369462,0.26117808,0.10095865,0.08390403,0.69835202,0.73664272,25.91603850,0.35455445,0.82444190,0.18493157,0.03761474,0.00029896,0.00076773,variable_cloud,0.34508212,0.21284821,0.15776516
V3D0069,development,336,72019069,290.35374116,0.25352964,0.12564680,0.08918890,0.57622143,0.84977074,17.32217591,0.55311825,0.83348329,-0.15243431,0.11682270,0.00026277,0.00031653,hot_spell,0.34271854,0.19933563,0.19638113
V3D0070,development,336,72019070,287.50008374,0.30463859,0.14001027,0.09131550,0.66695718,0.81196813,27.55975943,0.47799195,0.84226545,-0.00526042,0.11295159,0.00024311,0.00080753,typical,0.39595409,0.24981031,0.21870128
V3D0071,development,336,72019071,338.36323356,0.30969584,0.13749068,0.09303619,0.76201188,0.90770316,22.70190827,0.57113834,1.33590764,-0.04013668,0.01931976,0.00020136,0.00067625,typical,0.40273203,0.26871306,0.23584365
V3D0072,development,336,72019072,284.35106247,0.26132584,0.12898865,0.09564591,0.73630190,0.91861547,24.11636077,0.41193237,0.87803191,-0.08996471,0.11477585,0.00025266,0.00086293,variable_cloud,0.35697175,0.22642877,0.18350262
V3D0073,development,336,72019073,296.60734137,0.28600116,0.14952544,0.09987277,0.41587653,0.79978766,10.12268447,0.38469970,0.93056741,0.15093123,0.11731603,0.00029036,0.00112923,hot_spell,0.38587393,0.20628249,0.20202761
V3D0074,development,336,72019074,267.47171387,0.30760877,0.13444725,0.12439621,0.39862318,0.90651899,19.74085649,0.37857645,1.10055486,0.15620159,0.13013270,0.00016458,0.00035256,hot_spell,0.43200498,0.20347345,0.20000212
V3D0075,development,336,72019075,259.38848603,0.28901857,0.10534779,0.11379062,0.36358733,0.94431101,21.06945884,0.44926639,1.16230611,-0.16177026,0.12705294,0.00011313,0.00093496,hot_spell,0.40280919,0.17212815,0.18786490
V3D0076,development,336,72019076,277.03867721,0.28063975,0.10255162,0.12577531,0.65380315,0.79431308,26.62895320,0.51627010,0.92346551,0.09226770,0.11958755,0.00017102,0.00037406,typical,0.40641506,0.21898620,0.19449320
V3D0077,development,336,72019077,279.37312434,0.27440187,0.14663415,0.08163819,0.30227528,0.90071599,23.98669317,0.49274978,1.26207380,0.09683885,0.06493470,0.00012674,0.00111368,hot_spell,0.35604006,0.18525517,0.20959166
V3D0078,development,336,72019078,349.02189394,0.27391363,0.12374841,0.08759741,0.74209324,0.81786550,16.51344996,0.52391496,0.98151076,0.08503418,0.08371329,0.00019209,0.00088629,hot_spell,0.36151104,0.23518500,0.20242222
V3D0079,development,336,72019079,359.28108569,0.25833302,0.10320636,0.11494358,0.60442827,0.86518702,11.46720485,0.47290458,1.16537042,0.19001666,0.00302464,0.00006489,0.00041403,typical,0.37327659,0.19696930,0.17656647
V3D0080,development,336,72019080,272.72662325,0.30412897,0.10814540,0.08699256,0.71863041,0.76717957,15.68481961,0.44834325,0.86514589,-0.11785209,0.10510954,0.00028899,0.00096518,hot_spell,0.39112153,0.24898516,0.19601331
V3D0081,development,336,72019081,265.22459400,0.26857198,0.13758976,0.10326198,0.35755865,0.93489925,22.22584648,0.42087008,0.78922393,0.16634172,0.04352965,0.00021484,0.00095396,hot_spell,0.37183396,0.18442358,0.19271626
V3D0082,development,336,72019082,299.49476055,0.30614876,0.13595145,0.11866259,0.78493985,0.80754282,17.87367112,0.41615012,1.00345750,-0.03231633,0.09464710,0.00012132,0.00085787,hot_spell,0.42481135,0.26954610,0.20677908
V3D0083,development,336,72019083,254.12283750,0.28202207,0.11439904,0.08009431,0.50497297,0.78330263,25.06325598,0.50142126,1.31807456,-0.01634070,0.14117791,0.00009131,0.00105895,variable_cloud,0.36211637,0.19904414,0.19844879
V3D0084,development,336,72019084,240.85696725,0.30133955,0.11318216,0.12660038,0.35591293,0.79141413,14.56541925,0.55518852,0.94909951,-0.13827754,0.03003044,0.00018140,0.00033753,hot_spell,0.42793993,0.18014981,0.21764498
V3D0085,development,336,72019085,345.75865481,0.28385588,0.12229800,0.08579074,0.63681626,0.91992210,21.34375583,0.56050292,0.98814790,-0.19921134,0.07208911,0.00021208,0.00055410,variable_cloud,0.36964662,0.22518068,0.21285166
V3D0086,development,336,72019086,340.56125215,0.29410858,0.14835028,0.10896499,0.58105991,0.93000770,21.90129237,0.41438687,1.13571693,0.11359382,0.00398662,0.00027491,0.00060059,variable_cloud,0.40307357,0.23304458,0.20875060
V3D0087,development,336,72019087,330.71919789,0.28800596,0.12506529,0.11617291,0.55160144,0.72846595,19.92046786,0.48394518,1.27730216,0.17314743,0.07536753,0.00008040,0.00046179,typical,0.40417887,0.21494360,0.20391964
V3D0088,development,336,72019088,262.81730327,0.29510047,0.13950505,0.10428520,0.71579728,0.84482009,15.46143718,0.53588539,0.89744144,-0.03336306,0.08511768,0.00022101,0.00115188,typical,0.39938567,0.25087983,0.22288636
V3D0089,development,336,72019089,325.90604184,0.29002682,0.12633847,0.08630217,0.63936949,0.83428269,25.63525936,0.56504815,0.80896584,0.12278532,0.02750747,0.00011098,0.00084065,typical,0.37632899,0.23099581,0.21883027
V3D0090,development,336,72019090,302.73412240,0.27900611,0.11201515,0.08253893,0.72578056,0.88412674,15.97204990,0.39021786,1.24872122,0.00003743,0.03162415,0.00020762,0.00036120,typical,0.36154504,0.23321394,0.17717801
V3D0091,development,336,72019091,281.61484083,0.28282624,0.12000040,0.09633333,0.78739525,0.88847558,23.49210423,0.54951282,1.23257921,0.01751364,0.08024348,0.00015659,0.00048137,variable_cloud,0.37915957,0.24820869,0.20947529
V3D0092,development,336,72019092,258.45529652,0.25409100,0.10046511,0.10091050,0.79341985,0.89520691,27.24023986,0.37353014,1.23924015,0.00913359,0.10049888,0.00007007,0.00032008,variable_cloud,0.35500150,0.22235494,0.15784901
V3D0093,development,336,72019093,318.78037027,0.29187194,0.14932723,0.09192226,0.61088968,0.74284227,21.70937200,0.49947244,1.08246099,0.11669041,0.04384064,0.00027150,0.00097081,hot_spell,0.38379421,0.23640633,0.22052439
V3D0094,development,336,72019094,286.00726375,0.30900165,0.10198568,0.12752763,0.33790486,0.77111986,15.19881805,0.51997503,1.02132059,-0.08510157,0.00635304,0.00011841,0.00077307,typical,0.43652928,0.17193738,0.20962881
V3D0095,development,336,72019095,307.49113368,0.29606212,0.11781055,0.10685778,0.70774294,0.75225298,14.80644540,0.35247345,1.01653448,0.06612236,0.12197606,0.00012486,0.00087771,variable_cloud,0.40291990,0.24396684,0.18063950
V3D0096,development,336,72019096,262.28833967,0.27321971,0.12996941,0.12304696,0.69327927,0.94828619,12.76593863,0.39591139,1.29391138,-0.19559606,0.11143338,0.00020051,0.00057151,variable_cloud,0.39626668,0.22928188,0.18668383
V3E0001,locked_evaluation,336,102043001,282.14559618,0.25958749,0.12836448,0.10277133,0.46260090,0.94988364,13.32727621,0.50669683,0.78981949,-0.15607867,0.01412937,0.00023030,0.00103316,hot_spell,0.36235882,0.18906836,0.19485476
V3E0002,locked_evaluation,336,102043002,329.07846868,0.29916401,0.12859961,0.11924020,0.82142564,0.92485934,16.67803981,0.42164684,1.07585580,0.11510830,0.05922278,0.00023203,0.00037556,hot_spell,0.41840421,0.26870558,0.20051755
V3E0003,locked_evaluation,336,102043003,263.23707814,0.30375820,0.13091301,0.08389842,0.33253666,0.85650021,15.21352826,0.51014034,1.22226512,0.14111593,0.05312607,0.00020313,0.00068509,hot_spell,0.38765662,0.18839038,0.21908832
V3E0004,locked_evaluation,336,102043004,359.42608283,0.25270386,0.12769920,0.09941195,0.73773962,0.84641200,11.72643424,0.50595262,0.84215252,-0.12325326,0.00791053,0.00022091,0.00051951,typical,0.35211582,0.21992009,0.19094564
V3E0005,locked_evaluation,336,102043005,293.33736228,0.28598882,0.14648552,0.10801405,0.60765477,0.81694259,11.61599008,0.45803157,1.15468846,-0.08090594,0.06665050,0.00008809,0.00114620,hot_spell,0.39400287,0.23125537,0.21038244
V3E0006,locked_evaluation,336,102043006,297.40549001,0.30542190,0.10170828,0.09615560,0.67835576,0.72862621,18.09307484,0.39380051,1.34307537,-0.09756295,0.03437196,0.00027230,0.00100003,hot_spell,0.40157750,0.23989859,0.18193080
V3E0007,locked_evaluation,336,102043007,304.79910648,0.26006262,0.10515272,0.08585681,0.59673924,0.72187226,13.85693551,0.37312403,0.87952177,-0.05694293,0.10276133,0.00027422,0.00115528,variable_cloud,0.34591943,0.19759353,0.16295332
V3E0008,locked_evaluation,336,102043008,316.80663349,0.25020455,0.13295270,0.12721506,0.71221111,0.94766396,14.54369567,0.40806995,1.10234895,0.05505987,0.08838001,0.00011881,0.00108882,hot_spell,0.37741961,0.21646077,0.18079966
V3E0009,locked_evaluation,336,102043009,295.25864547,0.30288142,0.13172845,0.09208912,0.78458334,0.82546680,17.11691242,0.45536938,1.30980745,0.10551791,0.10442699,0.00015815,0.00036533,hot_spell,0.39497054,0.26601222,0.20966627
V3E0010,locked_evaluation,336,102043010,290.08111851,0.26209835,0.12156492,0.11804360,0.73529528,0.89792222,16.50388224,0.49284257,0.76212419,-0.09167873,0.01843667,0.00012489,0.00059776,variable_cloud,0.38014194,0.22489849,0.19082578
V3E0011,locked_evaluation,336,102043011,285.63573162,0.30717010,0.11545158,0.08225723,0.42873093,0.75764243,12.02369059,0.39066271,1.07163838,-0.11203077,0.03232860,0.00010627,0.00035964,typical,0.38942733,0.19764724,0.19034886
V3E0012,locked_evaluation,336,102043012,251.82672335,0.29603213,0.12432210,0.08463090,0.59349694,0.91110396,26.69218608,0.39845818,1.25123213,0.18567682,0.11343655,0.00029701,0.00042583,typical,0.38066303,0.22623148,0.19274137
V3E0013,locked_evaluation,336,102043013,337.68385099,0.27457409,0.14357213,0.10398497,0.72588815,0.84465429,16.02728383,0.48595881,0.94960120,-0.17774745,0.01072915,0.00026688,0.00061526,variable_cloud,0.37855906,0.23866490,0.20723368
V3E0014,locked_evaluation,336,102043014,344.07125978,0.27511124,0.11954842,0.12447919,0.49376363,0.80626077,12.30584974,0.41974899,1.28310116,0.14416371,0.07240244,0.00027704,0.00072887,typical,0.39959044,0.19635968,0.18484576
V3E0015,locked_evaluation,336,102043015,351.04599730,0.25741209,0.14674746,0.12545287,0.70613696,0.86387514,27.54235933,0.37919903,1.15128671,-0.03138619,0.03212347,0.00028017,0.00034988,variable_cloud,0.38286496,0.22489185,0.18871138
V3E0016,locked_evaluation,336,102043016,338.61724932,0.27687089,0.12507380,0.08534246,0.34461345,0.80960013,16.93365921,0.57521123,1.19855883,-0.18827758,0.07307929,0.00007636,0.00087235,variable_cloud,0.36221335,0.17738512,0.21238919
V3E0017,locked_evaluation,336,102043017,311.15447099,0.29843519,0.11394170,0.11528290,0.57474955,0.80036791,27.80130064,0.56938427,1.12686652,-0.15969395,0.08743465,0.00006261,0.00042030,typical,0.41371809,0.21997925,0.21898939
V3E0018,locked_evaluation,336,102043018,321.63718746,0.25793219,0.13155043,0.12051735,0.80687871,0.80504626,25.57308357,0.58548394,1.28964710,0.06945533,0.11567521,0.00008623,0.00092124,hot_spell,0.37844955,0.23352518,0.20554492
V3E0019,locked_evaluation,336,102043019,335.30321805,0.29671165,0.14260742,0.12645502,0.30299364,0.93806848,26.88941215,0.53573763,0.83202379,0.17509680,0.05509523,0.00021185,0.00080893,hot_spell,0.42316667,0.18930002,0.22516686
V3E0020,locked_evaluation,336,102043020,327.76809484,0.30160725,0.11751216,0.12986523,0.75060619,0.90585846,11.00782894,0.47942798,1.30759351,0.17171971,0.00025955,0.00011968,0.00082957,typical,0.43147247,0.25569507,0.20577250
V3E0021,locked_evaluation,336,102043021,247.52225079,0.29077504,0.11809948,0.11286563,0.42086517,0.86640509,27.88741138,0.51698568,0.93801301,-0.12593393,0.07821597,0.00012941,0.00117821,typical,0.40364066,0.19077261,0.20737027
V3E0022,locked_evaluation,336,102043022,255.34317562,0.30825319,0.13812999,0.09465646,0.75209661,0.88270722,17.17216688,0.35800580,0.91879625,-0.00491685,0.06392974,0.00005982,0.00075477,variable_cloud,0.40290965,0.26607907,0.19903508
V3E0023,locked_evaluation,336,102043023,240.82490857,0.29212135,0.11680967,0.11128487,0.54940968,0.73059280,27.24425012,0.43827243,0.89263727,-0.00959159,0.02066072,0.00015100,0.00105704,typical,0.40340621,0.21312760,0.19364395
V3E0024,locked_evaluation,336,102043024,292.74912573,0.29162621,0.14709701,0.12550996,0.83129414,0.91441159,16.75334572,0.53291780,0.91013217,0.01409961,0.06498037,0.00027794,0.00084210,typical,0.41713617,0.26724329,0.22411919
V3E0025,locked_evaluation,336,102043025,322.30429042,0.26262404,0.12129298,0.12320856,0.46927014,0.82330567,13.24171410,0.56748735,1.31801262,-0.01267627,0.09631529,0.00013518,0.00061126,variable_cloud,0.38583260,0.18761543,0.20149657
V3E0026,locked_evaluation,336,102043026,291.88307028,0.30895590,0.10271972,0.10006086,0.78886116,0.87847145,24.30907942,0.38001943,1.25970248,-0.03404894,0.13474527,0.00028897,0.00113856,typical,0.40901676,0.26541143,0.18109348
V3E0027,locked_evaluation,336,102043027,288.31386254,0.28152687,0.11125742,0.10188984,0.74024148,0.82756627,12.79694023,0.36176356,1.18137855,0.15483789,0.08621657,0.00012683,0.00096322,variable_cloud,0.38341671,0.23729793,0.17285470
V3E0028,locked_evaluation,336,102043028,245.22458995,0.29951754,0.14610696,0.08503105,0.31865782,0.82518283,22.92302209,0.53949190,1.01904375,0.11188834,0.08059976,0.00021578,0.00093712,variable_cloud,0.38454859,0.19499244,0.22887073
V3E0029,locked_evaluation,336,102043029,242.79560607,0.30323894,0.12723429,0.12507801,0.77752706,0.72479881,23.39666128,0.54572531,1.21266068,0.14664015,0.12886133,0.00017285,0.00064569,hot_spell,0.42831694,0.26408266,0.22328448
V3E0030,locked_evaluation,336,102043030,331.04918178,0.29509370,0.11602874,0.09515572,0.62823001,0.93562381,19.62546693,0.52740839,0.97078672,-0.10970859,0.11500429,0.00016977,0.00102216,variable_cloud,0.39024942,0.22852272,0.21046910
V3E0031,locked_evaluation,336,102043031,285.91945657,0.29819024,0.14823131,0.12105745,0.79880373,0.77761543,11.22466200,0.44428665,0.82163048,-0.19896728,0.11805452,0.00014162,0.00056478,hot_spell,0.41924770,0.26801906,0.21485606
V3E0032,locked_evaluation,336,102043032,269.77810947,0.27070316,0.12568873,0.10768798,0.76507005,0.85843710,13.73299956,0.48861928,0.79406756,-0.07810804,0.09202701,0.00019660,0.00032397,typical,0.37839114,0.23663492,0.19654558
V3E0033,locked_evaluation,336,102043033,323.45665817,0.28015425,0.11343319,0.12964152,0.52836571,0.85006875,19.14979272,0.57900569,1.13821257,0.12639668,0.12634707,0.00008039,0.00039770,variable_cloud,0.40979577,0.20152288,0.20996563
V3E0034,locked_evaluation,336,102043034,254.61452571,0.29992935,0.11186421,0.09216982,0.60969924,0.89367800,17.57327777,0.47580513,1.17790480,0.03510977,0.05564314,0.00006070,0.00119088,hot_spell,0.39209917,0.22652738,0.20134657
V3E0035,locked_evaluation,336,102043035,283.37930589,0.28451856,0.10233285,0.11396493,0.39690559,0.90858893,10.91938274,0.45961579,1.32740625,-0.14638377,0.06768334,0.00005009,0.00104378,variable_cloud,0.39848349,0.17464338,0.18606828
V3E0036,locked_evaluation,336,102043036,320.65622170,0.28298350,0.14302224,0.10100675,0.37336343,0.88798989,12.95626766,0.54948096,0.78067865,-0.11597438,0.10318454,0.00006402,0.00044062,hot_spell,0.38399024,0.19527866,0.21992829
V3E0037,locked_evaluation,336,102043037,356.46857631,0.29383322,0.14947096,0.12376208,0.60054960,0.94603389,26.81996183,0.43956065,1.20275096,-0.09479912,0.06233983,0.00010449,0.00057726,typical,0.41759529,0.23616765,0.21292692
V3E0038,locked_evaluation,336,102043038,300.61048296,0.27287666,0.13316959,0.10644702,0.43281630,0.87571714,27.04429587,0.43403125,0.88555675,0.00988042,0.00860845,0.00013783,0.00058818,variable_cloud,0.37932368,0.19363709,0.19380682
V3E0039,locked_evaluation,336,102043039,334.98722731,0.27493861,0.12982231,0.09300520,0.56090888,0.77032456,23.29532864,0.44683513,1.24737279,-0.03906592,0.05743918,0.00010166,0.00070624,typical,0.36794381,0.21121933,0.19466537
V3E0040,locked_evaluation,336,102043040,319.98988087,0.30977266,0.12040075,0.10083107,0.38444962,0.78548610,19.00755882,0.49537800,1.11773561,-0.16403704,0.04868355,0.00025157,0.00081760,typical,0.41060373,0.19320471,0.21421143
V3E0041,locked_evaluation,336,102043041,284.91538305,0.26410545,0.11023177,0.12187513,0.64111105,0.94017278,25.75293088,0.47181470,1.31447333,0.04707625,0.10175138,0.00014996,0.00090969,typical,0.38598058,0.20888189,0.18283163
V3E0042,locked_evaluation,336,102043042,318.91917807,0.27133765,0.10931467,0.11653297,0.54038065,0.92331195,25.70252454,0.39658715,1.06089619,-0.19472008,0.13992173,0.00024095,0.00105305,hot_spell,0.38787062,0.19686875,0.17357090
V3E0043,locked_evaluation,336,102043043,242.49076240,0.29448950,0.10466396,0.10732878,0.45644629,0.82939982,14.37082651,0.36631379,1.24002544,-0.09123880,0.12711528,0.00028644,0.00047603,typical,0.40181828,0.19130912,0.17419967
V3E0044,locked_evaluation,336,102043044,296.45754088,0.27904226,0.13767548,0.10940047,0.55453424,0.73881371,21.63016068,0.39213814,1.14612108,-0.06293716,0.09014972,0.00025985,0.00049276,hot_spell,0.38844274,0.21606820,0.19311079
V3E0045,locked_evaluation,336,102043045,333.36901381,0.30036589,0.14112091,0.09414492,0.33492510,0.79407068,25.08192700,0.58208408,1.11236636,-0.04828582,0.14809130,0.00022212,0.00060469,variable_cloud,0.39451081,0.19445605,0.23381488
V3E0046,locked_evaluation,336,102043046,326.71676369,0.29572888,0.13673468,0.10467182,0.82612255,0.89498987,16.17586779,0.58386401,1.22835527,0.10660421,0.12979075,0.00010817,0.00049582,variable_cloud,0.40040070,0.26808337,0.22956567
V3E0047,locked_evaluation,336,102043047,302.56696509,0.26416961,0.10413355,0.08353008,0.63664637,0.83082228,11.44938532,0.41179291,1.21866660,-0.12898757,0.07039225,0.00019008,0.00045246,typical,0.34769969,0.20601992,0.17003526
V3E0048,locked_evaluation,336,102043048,309.09432827,0.25237229,0.10358116,0.10701283,0.36220582,0.89591492,19.34266616,0.48985373,0.82043227,0.18229346,0.00574371,0.00014728,0.00052953,hot_spell,0.35938512,0.15747418,0.17646705
V3E0049,locked_evaluation,336,102043049,343.15875631,0.29663860,0.14394763,0.11882514,0.69275388,0.78953186,11.88868469,0.56652511,1.19184843,0.12478643,0.04688636,0.00028349,0.00086703,variable_cloud,0.41546373,0.24972489,0.23045090
V3E0050,locked_evaluation,336,102043050,339.25062020,0.29295298,0.12284058,0.12789747,0.64918269,0.90736476,15.94607637,0.38225166,1.06619346,0.11929178,0.10737099,0.00016441,0.00043145,variable_cloud,0.42085045,0.23327460,0.18786633
V3E0051,locked_evaluation,336,102043051,265.80099910,0.28649328,0.12388121,0.08768862,0.82929702,0.79347211,10.57598665,0.52570938,0.83809699,0.11028370,0.04307219,0.00006710,0.00112639,hot_spell,0.37418190,0.25873492,0.20936790
V3E0052,locked_evaluation,336,102043052,301.40852727,0.28482472,0.11063326,0.10226806,0.56686264,0.76727041,17.88591910,0.59144997,1.20870850,-0.05872788,0.02472294,0.00028118,0.00080177,variable_cloud,0.38709278,0.20937589,0.21365880
V3E0053,locked_evaluation,336,102043053,248.50423185,0.28243671,0.12931591,0.10557749,0.43657300,0.88353607,15.00630936,0.35977441,1.02509891,-0.18604644,0.13046647,0.00017365,0.00112126,hot_spell,0.38801421,0.19616432,0.18440486
V3E0054,locked_evaluation,336,102043054,312.92354164,0.28714739,0.12893525,0.08804052,0.81247820,0.76173200,14.02401067,0.58733683,0.82818242,-0.04329082,0.02198506,0.00015296,0.00094923,hot_spell,0.37518791,0.25747916,0.22185906
V3E0055,locked_evaluation,336,102043055,316.56113537,0.28191680,0.10089848,0.11821779,0.71512847,0.91928851,17.67761214,0.49655118,0.87283931,0.07958829,0.14272211,0.00011292,0.00115727,typical,0.40013459,0.23034984,0.19078334
V3E0056,locked_evaluation,336,102043056,351.73642395,0.25585695,0.14535080,0.11699383,0.62434695,0.75630264,22.16274439,0.42714983,1.27461066,-0.03642404,0.14240949,0.00024820,0.00078873,hot_spell,0.37285078,0.21434498,0.19255348
V3E0057,locked_evaluation,336,102043057,324.98694960,0.27856938,0.11479896,0.09074962,0.66704714,0.76936265,16.36467239,0.50154880,1.03873123,0.18673083,0.07698601,0.00018723,0.00048278,hot_spell,0.36931900,0.22404155,0.19693782
V3E0058,locked_evaluation,336,102043058,346.86489915,0.27330641,0.14883642,0.09875659,0.50270225,0.81810784,24.62144085,0.39922377,1.00313085,0.16148931,0.07979257,0.00019259,0.00072335,variable_cloud,0.37206300,0.21140776,0.19852780
V3E0059,locked_evaluation,336,102043059,253.35924858,0.25954584,0.12251536,0.08268292,0.68353915,0.86117523,21.05762544,0.57290242,1.09614611,0.00291110,0.12494144,0.00014251,0.00074302,variable_cloud,0.34222875,0.21618106,0.20102045
V3E0060,locked_evaluation,336,102043060,276.55352197,0.29258184,0.14087777,0.11991397,0.71801168,0.74306961,11.84983288,0.58807452,0.90212343,-0.00091489,0.03692486,0.00024738,0.00095779,hot_spell,0.41249581,0.24980306,0.23009107
V3E0061,locked_evaluation,336,102043061,356.87325596,0.30602219,0.14773479,0.09369371,0.53342229,0.88638690,14.92529506,0.59760046,0.89166390,-0.08761339,0.13613702,0.00015947,0.00113179,typical,0.39971590,0.23216882,0.24232741
V3E0062,locked_evaluation,336,102043062,268.23309950,0.25563844,0.13897869,0.09129193,0.52510108,0.78126665,13.10925204,0.57183534,1.16165536,0.09859730,0.09277455,0.00016518,0.00102548,hot_spell,0.34693038,0.20023685,0.20568886
V3E0063,locked_evaluation,336,102043063,282.53109661,0.30079089,0.12053430,0.12303395,0.46777701,0.83266887,23.18355222,0.51552688,0.86067053,0.07251240,0.13365735,0.00008253,0.00067438,typical,0.42382484,0.20485419,0.21346142
V3E0064,locked_evaluation,336,102043064,271.09879155,0.27795129,0.11723144,0.12906661,0.80146023,0.86937843,18.15128813,0.43282724,1.12321054,0.01714359,0.13302010,0.00023625,0.00094143,hot_spell,0.40701790,0.24604201,0.18679537
V3E0065,locked_evaluation,336,102043065,352.69616865,0.29468174,0.14560872,0.09656220,0.67719079,0.87132421,18.46003959,0.45006998,0.97265888,-0.08536179,0.14385254,0.00006898,0.00055657,typical,0.39124394,0.24655960,0.21270202
V3E0066,locked_evaluation,336,102043066,325.45239943,0.26780470,0.13415394,0.11753396,0.63485832,0.73679335,26.58713552,0.44196984,0.94510054,0.16616586,0.09431501,0.00005769,0.00092624,variable_cloud,0.38533866,0.21900323,0.19322354
V3E0067,locked_evaluation,336,102043067,336.75704145,0.30853824,0.10521037,0.09752393,0.58200188,0.93193315,15.56436575,0.50936722,1.27015466,0.13198038,0.04927205,0.00013496,0.00032663,variable_cloud,0.40606217,0.22354757,0.20877892
V3E0068,locked_evaluation,336,102043068,294.38455960,0.30507740,0.11235737,0.12014000,0.64389886,0.76578980,14.70921305,0.38964352,1.33514010,0.07543532,0.10655537,0.00007079,0.00116704,typical,0.42521740,0.23644958,0.18744948
V3E0069,locked_evaluation,336,102043069,249.71601421,0.30090587,0.13553154,0.10575755,0.40140325,0.83973637,20.80238531,0.56049127,1.20604404,0.06600374,0.04431261,0.00020535,0.00081988,variable_cloud,0.40666341,0.20191333,0.22822241
V3E0070,locked_evaluation,336,102043070,299.80906028,0.26116254,0.12329430,0.12365689,0.36656984,0.84285440,21.21262334,0.54989635,1.08214750,-0.19288878,0.09122367,0.00022828,0.00104285,variable_cloud,0.38481943,0.17383264,0.19910754
V3E0071,locked_evaluation,336,102043071,257.07706351,0.30947474,0.13046425,0.08185337,0.81689688,0.72399428,19.83078045,0.56354431,0.86636896,0.08651019,0.12012764,0.00027091,0.00040273,hot_spell,0.39132811,0.27669736,0.23134460
V3E0072,locked_evaluation,336,102043072,288.91988513,0.27789654,0.10640916,0.10825244,0.39071136,0.75335827,25.28845103,0.57677502,0.81301181,-0.07194518,0.13830763,0.00018574,0.00107091,hot_spell,0.38614898,0.17341122,0.20531879
V3E0073,locked_evaluation,336,102043073,342.06088914,0.26207875,0.10112048,0.09005656,0.69715793,0.77252685,21.47285755,0.53725556,0.96492330,-0.13541055,0.05686598,0.00019494,0.00084755,variable_cloud,0.35213531,0.21333381,0.18759620
V3E0074,locked_evaluation,336,102043074,287.45551577,0.25117388,0.13819821,0.12149092,0.45901956,0.79061897,18.84672916,0.54369828,0.95487580,-0.01577976,0.10565720,0.00019186,0.00051039,hot_spell,0.37266480,0.19005625,0.19962289
V3E0075,locked_evaluation,336,102043075,325.96252444,0.27587935,0.12305733,0.12212608,0.44024784,0.84395428,21.82169984,0.36938946,1.23020692,0.05253016,0.01334036,0.00029912,0.00091584,hot_spell,0.39800543,0.19033690,0.17950818
V3E0076,locked_evaluation,336,102043076,275.83300499,0.27169471,0.12218874,0.10855177,0.34704917,0.81533825,17.81307652,0.41655275,0.90762788,0.12070412,0.02564278,0.00024174,0.00030680,typical,0.38024648,0.17407466,0.18446586
V3E0077,locked_evaluation,336,102043077,266.26878156,0.27918160,0.11661701,0.08947071,0.81050308,0.75865188,12.39468594,0.41377819,1.34971711,0.15088303,0.06802306,0.00007253,0.00088176,typical,0.36865231,0.24837611,0.18388269
V3E0078,locked_evaluation,336,102043078,289.50915100,0.30207484,0.10684764,0.09787804,0.52126067,0.74778665,20.17214131,0.51485264,0.79825880,0.00626133,0.10060599,0.00018269,0.00046954,variable_cloud,0.39995287,0.20861190,0.20736088
V3E0079,locked_evaluation,336,102043079,301.73447330,0.27383368,0.11495742,0.11491276,0.51065416,0.74064889,26.05946661,0.49758226,1.05188064,0.09180459,0.07767668,0.00014607,0.00118736,hot_spell,0.38874643,0.19608824,0.19401143
V3E0080,locked_evaluation,336,102043080,313.97370831,0.25157522,0.14442003,0.12841920,0.76684750,0.90296212,18.67564559,0.45377066,1.30363241,-0.13099264,0.11223062,0.00016207,0.00106297,typical,0.37999442,0.22659172,0.19304391
V3E0081,locked_evaluation,336,102043081,280.67084183,0.26935831,0.10429605,0.10330682,0.32380449,0.73254028,19.43158642,0.48318454,1.11603655,0.17892725,0.14910054,0.00005419,0.00090068,typical,0.37266513,0.15774395,0.18405159
V3E0082,locked_evaluation,336,102043082,314.64365691,0.30339028,0.13882768,0.11122116,0.75882579,0.84870213,11.31850221,0.35375539,1.16852368,-0.05346766,0.01753899,0.00005290,0.00098553,hot_spell,0.41461144,0.26370203,0.19704259
V3E0083,locked_evaluation,336,102043083,279.99050917,0.28859111,0.10768806,0.08645945,0.58702453,0.79549139,23.02918900,0.55418275,1.27530433,-0.04715225,0.04110602,0.00024617,0.00055384,hot_spell,0.37505056,0.21388259,0.20794141
V3E0084,locked_evaluation,336,102043084,348.57829295,0.28681528,0.11909743,0.11168406,0.79226166,0.78560771,23.71869279,0.36287636,1.32114399,-0.10501759,0.02881540,0.00021124,0.00098083,hot_spell,0.39849933,0.25197385,0.17995827
V3E0085,locked_evaluation,336,102043085,264.75834327,0.28532978,0.14844879,0.11609676,0.44298373,0.77530688,10.39860286,0.47366901,0.86988088,-0.19000216,0.10903180,0.00023339,0.00051721,typical,0.40142654,0.20908484,0.21328507
V3E0086,locked_evaluation,336,102043086,258.82150749,0.28075755,0.14132004,0.10120551,0.41075139,0.74960079,18.28873843,0.59125482,0.77171306,-0.15334137,0.06125963,0.00008324,0.00062675,variable_cloud,0.38196306,0.19859419,0.22376314
V3E0087,locked_evaluation,336,102043087,268.82408931,0.28374970,0.10845284,0.09859763,0.47981676,0.90161224,25.40437474,0.43104107,1.07018241,0.15791115,0.03488861,0.00022551,0.00071171,variable_cloud,0.38234733,0.19256321,0.18401298
V3E0088,locked_evaluation,336,102043088,281.31209526,0.30651788,0.13067768,0.11575986,0.45127749,0.90394040,17.28154420,0.40283319,0.92504487,0.06792140,0.05023333,0.00009570,0.00044383,typical,0.42227774,0.21003040,0.20151195
V3E0089,locked_evaluation,336,102043089,355.06217088,0.27097615,0.13444208,0.08001131,0.41535912,0.88112680,21.56574749,0.35522390,1.33307078,0.01146946,0.13865505,0.00029256,0.00054521,hot_spell,0.35098746,0.19115275,0.18294224
V3E0090,locked_evaluation,336,102043090,340.07862794,0.26662575,0.13373251,0.09531075,0.40438468,0.77601622,26.35897673,0.41873311,1.00636300,-0.02215989,0.14615367,0.00013858,0.00085738,typical,0.36193651,0.18747250,0.18937931
V3E0091,locked_evaluation,336,102043091,306.76218932,0.27020534,0.14730388,0.12432923,0.77617766,0.91261738,20.42105640,0.35074859,1.01137014,-0.15173146,0.09819617,0.00011517,0.00033920,typical,0.39453456,0.24269725,0.19041140
V3E0092,locked_evaluation,336,102043092,274.57308978,0.26721176,0.10891265,0.11367935,0.72939372,0.81209867,19.93154389,0.41019659,0.85260868,0.03313709,0.12385827,0.00028577,0.00062464,hot_spell,0.38089111,0.22437503,0.17384641
V3E0093,locked_evaluation,336,102043093,346.38000345,0.28753217,0.13005516,0.09581315,0.66441130,0.92643967,21.89634282,0.36859514,1.04399180,-0.13920529,0.06025707,0.00024401,0.00050009,hot_spell,0.38334532,0.23468466,0.18810042
V3E0094,locked_evaluation,336,102043094,250.25211632,0.26072725,0.14927534,0.12825035,0.49917314,0.91746240,16.49805658,0.47810672,0.75044601,0.06312904,0.03887407,0.00025396,0.00031577,variable_cloud,0.38897760,0.20490914,0.20256124
V3E0095,locked_evaluation,336,102043095,303.67442774,0.26302768,0.12089038,0.09016681,0.60541598,0.75108242,20.02845544,0.59880747,1.28706998,-0.02578472,0.07545477,0.00020782,0.00066835,typical,0.35319449,0.20694257,0.20600326
V3E0096,locked_evaluation,336,102043096,317.61042471,0.27546328,0.12807832,0.11018063,0.34034549,0.86260868,12.14575977,0.38333094,0.76738657,-0.17370604,0.02151174,0.00018401,0.00054360,variable_cloud,0.38564391,0.17824012,0.18457553
V3E0097,locked_evaluation,336,102043097,358.91383533,0.29109670,0.10992968,0.08674703,0.70343160,0.74545253,24.89629256,0.38706089,0.98999378,0.06059882,0.03848366,0.00026938,0.00108145,variable_cloud,0.37784374,0.23736829,0.18005235
V3E0098,locked_evaluation,336,102043098,350.30332312,0.29180610,0.11255038,0.08721294,0.77262943,0.85131282,24.44610107,0.59326143,1.26575061,-0.16842850,0.04559788,0.00012259,0.00069092,typical,0.37901904,0.25104863,0.21889589
V3E0099,locked_evaluation,336,102043099,277.28872737,0.26471724,0.14044030,0.09426976,0.67350938,0.78369700,25.22589643,0.56289305,1.18923077,0.16704197,0.00145890,0.00014430,0.00046613,variable_cloud,0.35898700,0.22414199,0.21039493
V3E0100,locked_evaluation,336,102043100,260.18136287,0.25349502,0.11298722,0.11319467,0.55822672,0.94513935,20.35213739,0.53908178,1.02947455,-0.02957559,0.00520423,0.00009483,0.00087705,hot_spell,0.36668968,0.19142243,0.18873241
V3E0101,locked_evaluation,336,102043101,272.94066067,0.29709524,0.10334416,0.11242549,0.47384812,0.83465356,26.16650795,0.41461141,0.80039623,0.03981753,0.01493449,0.00008983,0.00076536,variable_cloud,0.40952073,0.19515274,0.18367557
V3E0102,locked_evaluation,336,102043102,278.81717660,0.25475246,0.12496283,0.09110172,0.47683280,0.85504480,22.36645810,0.54141264,0.92923347,0.08996366,0.14121166,0.00017999,0.00099132,hot_spell,0.34585419,0.18685078,0.19523258
V3E0103,locked_evaluation,336,102043103,277.50895801,0.27354829,0.10963400,0.10305514,0.84184614,0.87397790,13.94684947,0.44355284,0.80880940,0.13047037,0.02722303,0.00025635,0.00108021,hot_spell,0.37660343,0.24762461,0.18233865
V3E0104,locked_evaluation,336,102043104,246.06575412,0.26535278,0.12413006,0.11071821,0.54615672,0.89981136,21.27039928,0.48146318,0.98175726,-0.17024776,0.08518185,0.00026155,0.00067739,variable_cloud,0.37607099,0.20125980,0.19212360
V3E0105,locked_evaluation,336,102043105,306.48756155,0.28091222,0.10759425,0.09956613,0.31178908,0.80430613,23.79310394,0.46231259,1.08380837,0.04354031,0.08333071,0.00023522,0.00066023,hot_spell,0.38047835,0.16163290,0.18772133
V3E0106,locked_evaluation,336,102043106,272.04151314,0.26836614,0.12006190,0.09694066,0.31980644,0.76384694,15.72023270,0.37762495,0.87705925,-0.05165875,0.02963124,0.00015526,0.00101635,typical,0.36530680,0.16749055,0.17606528
V3E0107,locked_evaluation,336,102043107,305.02896496,0.26601395,0.10027721,0.08600264,0.63116805,0.87810645,20.56304514,0.50312663,0.92265390,-0.07375459,0.09779149,0.00015761,0.00099629,typical,0.35201659,0.20488494,0.18366377
V3E0108,locked_evaluation,336,102043108,241.63383361,0.25065293,0.13500202,0.11022748,0.74499711,0.89121492,13.53793831,0.55796333,0.75810096,-0.11794540,0.11395516,0.00029566,0.00030539,typical,0.36088042,0.22116162,0.19953099
V3E0109,locked_evaluation,336,102043109,315.58606200,0.27221211,0.11870912,0.12255329,0.36006270,0.88967178,10.13193179,0.58055747,1.13577749,-0.14843816,0.03992247,0.00029030,0.00037031,typical,0.39476540,0.17397982,0.20782643
V3E0110,locked_evaluation,336,102043110,354.32393805,0.29786542,0.11781117,0.10376538,0.57661765,0.72795847,10.82983362,0.46461832,1.25677925,0.19093051,0.08925429,0.00020092,0.00095603,typical,0.40163080,0.22163363,0.20146767
V3E0111,locked_evaluation,336,102043111,332.64450513,0.27979872,0.10199026,0.09268433,0.39298085,0.74205720,12.69820564,0.46681605,1.33849749,0.03713907,0.13196725,0.00010996,0.00079584,variable_cloud,0.37248305,0.17186558,0.18499410
V3E0112,locked_evaluation,336,102043112,348.24191277,0.25386825,0.14340183,0.12065106,0.35557427,0.77329187,13.46861820,0.52946275,1.17431868,0.02048378,0.04612306,0.00021699,0.00089093,variable_cloud,0.37451932,0.18268085,0.20188969
V3E0113,locked_evaluation,336,102043113,243.62845107,0.26795513,0.13965093,0.12611006,0.30710149,0.88565585,26.39458258,0.49936043,1.13106335,0.00109355,0.05305436,0.00022013,0.00073513,typical,0.39406519,0.17905334,0.20372097
V3E0114,locked_evaluation,336,102043114,329.16853481,0.26888094,0.11901610,0.11643589,0.37927919,0.81963006,24.80877512,0.48427648,1.29520186,0.13814854,0.07444374,0.00017139,0.00119728,variable_cloud,0.38531684,0.17585672,0.19159212
V3E0115,locked_evaluation,336,102043115,330.35468689,0.29021254,0.14495856,0.11890491,0.68724531,0.74675606,22.75846431,0.47055349,0.84855270,0.13481311,0.00393876,0.00022485,0.00078206,typical,0.40911746,0.24478368,0.21330833
V3E0116,locked_evaluation,336,102043116,354.03553254,0.25863411,0.11364218,0.10971089,0.37227193,0.92781605,27.40274045,0.54756447,0.76645625,0.19678302,0.12274781,0.00017587,0.00075933,hot_spell,0.36834500,0.16761861,0.19303461
V3E0117,locked_evaluation,336,102043117,291.16775660,0.26150309,0.14014659,0.12663079,0.65696635,0.85342597,17.39608226,0.38545500,0.80809650,-0.01896231,0.09919110,0.00009739,0.00077572,variable_cloud,0.38813388,0.21987373,0.18692406
V3E0118,locked_evaluation,336,102043118,349.84888635,0.28564017,0.13685015,0.08449394,0.53217412,0.83724999,15.40660669,0.53186225,0.83412837,-0.06529664,0.02658275,0.00005640,0.00097477,typical,0.37013411,0.21603235,0.21598594
V3E0119,locked_evaluation,336,102043119,309.42471704,0.25695984,0.10703108,0.09808888,0.49742864,0.75493462,23.90968731,0.37475219,1.01648252,0.02744530,0.03118633,0.00029475,0.00045976,variable_cloud,0.35504872,0.18160994,0.16321721
V3E0120,locked_evaluation,336,102043120,308.30934114,0.25526712,0.13533163,0.12865343,0.65252221,0.94145432,20.95532031,0.46871098,0.78406997,0.19898002,0.13691993,0.00009316,0.00041300,variable_cloud,0.38392055,0.21359220,0.19154671
V3E0121,locked_evaluation,336,102043121,344.81954731,0.28399299,0.14203511,0.10621261,0.51768269,0.86035554,10.34783579,0.40729101,0.93425002,0.02446321,0.08130894,0.00026754,0.00057462,typical,0.39020559,0.21552424,0.19985327
V3E0122,locked_evaluation,336,102043122,357.59289355,0.28884805,0.13580305,0.10035580,0.48750228,0.91544062,23.59033887,0.42871444,1.29669988,0.16080835,0.11878994,0.00023882,0.00053189,typical,0.38920385,0.21041284,0.20141565
V3E0123,locked_evaluation,336,102043123,263.33391599,0.26356822,0.14968071,0.08155849,0.42450445,0.80287464,25.94245548,0.55648811,1.24564989,-0.13846522,0.14787270,0.00020144,0.00064281,variable_cloud,0.34512671,0.19802647,0.21305776
V3E0124,locked_evaluation,336,102043124,247.45177364,0.30211947,0.14454147,0.08095530,0.61337646,0.73344271,18.90406038,0.40190033,0.77914434,0.05622121,0.00981468,0.00020971,0.00074536,hot_spell,0.38307477,0.24119611,0.20787212
V3E0125,locked_evaluation,336,102043125,322.58816155,0.27652692,0.12663220,0.08935507,0.75532935,0.86818250,22.50175196,0.52194265,0.95117330,-0.17893341,0.05173991,0.00007442,0.00063230,hot_spell,0.36588198,0.23985208,0.20486865
V3E0126,locked_evaluation,336,102043126,332.16506108,0.25776642,0.12632959,0.11219165,0.84661445,0.83539929,10.67720551,0.42523827,1.14247275,-0.00696218,0.04166865,0.00016714,0.00035069,variable_cloud,0.36995807,0.23760591,0.18222156
V3E0127,locked_evaluation,336,102043127,267.13595399,0.28810933,0.11579960,0.10153561,0.30815968,0.79849249,15.87184330,0.46286676,1.09200193,0.14957777,0.11044511,0.00007891,0.00038964,hot_spell,0.38964493,0.16889851,0.19555604
V3E0128,locked_evaluation,336,102043128,310.81593764,0.25446648,0.11456122,0.10454650,0.32785338,0.73445296,18.53674403,0.45724936,0.99358147,0.19234078,0.08411850,0.00025692,0.00117435,typical,0.35901298,0.16042963,0.17853281
V3E0129,locked_evaluation,336,102043129,298.19982156,0.27744811,0.10581815,0.08853504,0.70012179,0.93270758,22.00679118,0.45113056,1.04874925,-0.10573326,0.02374269,0.00007383,0.00111397,hot_spell,0.36598315,0.22598003,0.18324567
V3E0130,locked_evaluation,336,102043130,252.96660558,0.25875224,0.10621053,0.10892130,0.72388202,0.80865950,14.19126915,0.55184711,1.16548361,-0.18109631,0.00257264,0.00010029,0.00041079,typical,0.36767353,0.21663273,0.19039023
V3E0131,locked_evaluation,336,102043131,256.56169024,0.26555607,0.12682849,0.09723705,0.66157638,0.92254157,24.68592337,0.40521831,0.97695649,0.10099377,0.07164585,0.00019831,0.00085597,variable_cloud,0.36279311,0.21860738,0.18304344
V3E0132,locked_evaluation,336,102043132,251.11209895,0.25326897,0.13333842,0.10511496,0.79402074,0.72109846,12.55087139,0.51243135,1.23549428,0.04920626,0.11691974,0.00018187,0.00065085,variable_cloud,0.35838392,0.22856576,0.19479459
V3E0133,locked_evaluation,336,102043133,244.24237014,0.30421597,0.12596810,0.12752497,0.38337023,0.91979499,14.82448356,0.59496839,1.08768298,-0.02326386,0.01574435,0.00011605,0.00110941,typical,0.43174094,0.19430303,0.23201995
V3E0134,locked_evaluation,336,102043134,312.40466718,0.26690922,0.13619229,0.09347777,0.35061923,0.87180473,10.01652606,0.36524031,0.91471064,-0.06776289,0.01899721,0.00011158,0.00069978,variable_cloud,0.36038699,0.18202416,0.18393538
V3E0135,locked_evaluation,336,102043135,270.74472328,0.28257501,0.13719705,0.08761147,0.48614548,0.76107264,22.67924357,0.55913542,0.89984234,-0.12098925,0.06940607,0.00025006,0.00110134,hot_spell,0.37018648,0.20787189,0.21848302
V3E0136,locked_evaluation,336,102043136,273.38509982,0.25651512,0.10826596,0.08330862,0.58426841,0.82105594,24.01931110,0.35335589,1.03706823,-0.07637675,0.12177953,0.00010307,0.00089424,variable_cloud,0.33982373,0.19488326,0.16065068
V3E0137,locked_evaluation,336,102043137,259.52552562,0.26975859,0.11090452,0.08124584,0.41123978,0.93017743,20.67264174,0.52076681,0.85621570,0.02930680,0.11018535,0.00026405,0.00071258,typical,0.35100442,0.17623163,0.19363045
V3E0138,locked_evaluation,336,102043138,298.89366536,0.30785203,0.11157960,0.08278247,0.56794543,0.83998559,19.61303153,0.43645851,1.02308383,0.17309675,0.03580541,0.00026199,0.00100989,typical,0.39063450,0.22305163,0.19724437
V3E0139,locked_evaluation,336,102043139,345.72628675,0.28997964,0.13243420,0.11454314,0.84439155,0.79808809,27.30514910,0.49211162,0.99635677,-0.16280616,0.14574554,0.00009042,0.00058173,variable_cloud,0.40452278,0.26546424,0.20996414
V3E0140,locked_evaluation,336,102043140,341.32584351,0.28940121,0.10046931,0.11411893,0.61848724,0.77976250,14.47743957,0.51886815,0.98731397,0.08244061,0.06270017,0.00017733,0.00033405,variable_cloud,0.40352014,0.21732128,0.19850006
V3E0141,locked_evaluation,336,102043141,262.19325184,0.25170578,0.10301375,0.11744088,0.54421776,0.94245500,27.63515202,0.37203556,1.05672840,0.08391329,0.12519041,0.00021351,0.00076948,typical,0.36914667,0.18393459,0.15833247
V3E0142,locked_evaluation,336,102043142,336.46302391,0.30695285,0.13222791,0.08064907,0.50997315,0.78847949,15.27287260,0.44777892,1.18525812,-0.10115894,0.09498961,0.00013271,0.00109857,hot_spell,0.38760192,0.22133294,0.21046605
V3E0143,locked_evaluation,336,102043143,261.02548020,0.29366462,0.13950449,0.08878612,0.44716412,0.81329992,22.45269279,0.42366548,0.96040886,-0.14262025,0.00686047,0.00012416,0.00083337,hot_spell,0.38245074,0.20843937,0.20481681
V3E0144,locked_evaluation,336,102043144,257.57699875,0.30486869,0.14180625,0.09158383,0.83808756,0.93614262,24.16797227,0.52479758,1.10794159,0.09497506,0.01156259,0.00013089,0.00038460,hot_spell,0.39645252,0.27846685,0.22738102
